start_time,avg_hold,avg_pause,backspace_rate,kpm,delta_kpm,delta_pause,delta_backspace,stress_level
1770793360.5515516,4.455830812454224,10.446873724460602,0.2,7.179181253468481,,,,2.0
1770793960.5515516,0.2650337219238281,15.87136468887329,0.16666666666666666,4.536471904679754,-2.6427093487887268,5.424490964412689,-0.033333333333333354,2.0
1770794080.5515516,1.340490609407425,2.11877863747733,0.375,32.36365864679068,27.82718674211093,-13.75258605139596,0.20833333333333334,2.0
1770794200.5515516,0.13226056098937988,0.9728124936421713,0.25,82.23578595345047,49.87212730665979,-1.1459661438351585,-0.125,2.0
1770794320.5515516,0.30538469552993774,1.0261079583849226,0.5,66.82671936329088,-15.409066590159597,0.053295464742751375,0.25,2.0
1770794440.5515516,18.132400274276733,8.54990816116333,0.16666666666666666,8.421143086313974,-58.4055762769769,7.523800202778407,-0.33333333333333337,3.0
1770794560.5515516,0.23876134554545084,2.212758421897888,0.3333333333333333,40.67321543524249,32.252072348928515,-6.337149739265442,0.16666666666666666,3.0
