user_id,session_id,avg_hold,hold_variance,avg_pause,kpm,backspace_rate,stress_level
U01,1771231838,0.12318845912142917,0.012555994584273028,0.32384028393998104,118,0.01694915254237288,1
U01,1771231838,0.8168476086396438,17.237931306261256,0.4499873532593705,132,0.007575757575757576,1
U01,1771232159,0.1961076950270032,0.6668203553195666,0.23725976073552693,253,0.007905138339920948,2
